14	Abdallah	M	ar
21	Abdou	M	ar
5	Abigaël	M	eu
18	Abigail	M	eu
5	Abir	M	eu
12	Abla	F	eu
11	Ada	F	eu
9	Adama	F	af
12	Adela	F	eu
65	Adelaïde	F	eu
138	Adèle	F	eu
9	Adelia	F	eu
13	Adelie	F	eu
14	Adelina	F	eu
630	Adeline	F	eu
7	Adidja	F	eu
14	Adina	F	eu
5	Adja	F	eu
5	Adjo	M	eu
55	Adriana	F	eu
85	Adrienne	F	eu
23	Agata	F	eu
6	Agatha	F	eu
307	Agathe	F	eu
9	Aglae	M	eu
1501	Agnès	M	eu
30	Agnieszka	F	eu
8	Ahamada	F	ar
10	Ahamadi	M	ar
6	Ahlam	M	ar
17	Ahlem	M	ar
12	Ahmed	M	ar
140	Aïcha	F	ar
50	Aïda	F	ar
5	Aïleen	M	eu
10	Aime	M	eu
101	Aimée	F	eu
7	Aïnnet	M	eu
12	Aïssa	F	ar
15	Aïssata	F	ar
31	Aïssatou	F	af
6	Akiko	M	as
9	Akila	F	as
5	Akima	F	as
13	Alba	F	eu
66	Albane	F	eu
15	Albert	M	eu
53	Alberte	F	eu
6	Albertina	F	eu
52	Albertine	F	eu
10	Albine	F	eu
5	Alcina	F	eu
9	Alda	F	eu
20	Alejandra	F	eu
37	Aleksandra	F	eu
15	Alena	F	eu
31	Alessandra	F	eu
9	Alessia	F	eu
12	Aleth	M	eu
27	Alexa	M	eu
1442	Alexandra	M	eu
7	Alexandrina	M	eu
93	Alexandrine	M	eu
10	Alexane	M	eu
289	Alexia	M	eu
6	Alexiane	M	eu
5	Alexie	M	eu
10	Alexina	M	eu
7	Alexine	M	eu
7	Alexis	M	eu
8	Alfreda	F	eu
43	Ali	M	ar
11	Alia	F	eu
1002	Alice	F	eu
157	Alicia	F	eu
7	Alida	F	eu
20	Aliénor	M	eu
34	Aliette	F	eu
9	Alima	F	eu
42	Alina	F	eu
881	Aline	F	eu
5	Alisa	F	eu
170	Alison	M	eu
7	Alissa	F	eu
31	Alisson	M	eu
159	Alix	F	eu
22	Alize	F	eu
82	Alizée	F	eu
15	Alla	F	ar
75	Allison	M	eu
17	Alma	F	eu
6	Aloïs	M	eu
14	Alphonsine	F	eu
8	Alvina	F	eu
6	Alya	F	ar
5	Alyette	F	eu
12	Alyson	M	eu
9	Alyssa	F	eu
5	Amabile	F	eu
5	Amaia	F	eu
45	Amal	M	eu
5	Amale	F	eu
14	Amalia	F	eu
93	Amanda	F	eu
1027	Amandine	F	eu
7	Amani	M	eu
69	Ambre	F	eu
80	Amel	M	eu
34	Amélia	F	eu
961	Amélie	F	eu
18	Améline	F	eu
8	Amelle	F	eu
6	Ami	M	ar
6	Amicie	F	eu
121	Amina	F	ar
63	Aminata	F	ar
20	Amira	F	ar
6	Amoin	M	eu
26	Amy	M	eu
227	Ana	F	eu
22	Ana Maria	F	eu
15	Ana Paula	F	eu
27	Ana S	F	eu
11	Ana-Maria	F	eu
21	Anabel	M	eu
20	Anabela	F	eu
33	Anabelle	F	eu
6	Anaël	F	eu
72	Anaëlle	F	eu
8	Anahid	M	ar
6	Anaik	M	eu
835	Anaïs	M	eu
5	Anaïse	F	eu
8	Anamaria	F	eu
53	Anastasia	F	eu
13	Anastasie	F	eu
5	Anastasiia	F	eu
10	Anastassia	F	eu
5	Anasthasia	F	eu
20	Anca	F	eu
6	Ancuta	F	eu
33	André	M	eu
211	Andréa	F	eu
5	Andréanne	F	eu
907	Andrée	F	eu
30	Andréea	F	eu
16	Andréia	F	eu
5	Andréina	F	eu
5	Anessa	F	eu
9	Aneta	F	eu
6	Anette	F	eu
12	Ange	M	eu
158	Angela	F	eu
256	Angèle	F	eu
33	Angélica	F	eu
17	Angélika	F	eu
115	Angelina	F	eu
108	Angeline	F	eu
987	Angélique	F	eu
11	Angie	F	eu
5	Anh	M	eu
9	Ani	M	eu
5	Ania	F	eu
5	Anicette	F	eu
25	Anick	F	eu
6	Anik	M	eu
7	Anisa	F	af
101	Anissa	F	af
252	Anita	F	eu
21	Anja	F	eu
9	Anke	M	eu
49	Ann	M	eu
641	Anna	F	eu
13	Anna Maria	F	eu
13	Anna-Maria	F	eu
55	Annabel	M	eu
5	Annabella	F	eu
244	Annabelle	F	eu
7	Annaëlle	F	eu
13	Annaick	M	eu
14	Annaig	M	eu
6	Annalisa	F	eu
10	Annamaria	F	eu
4752	Anne	F	eu
10	Anne Caroline	F	eu
21	Anne Catherine	F	eu
26	Anne Cecile	F	eu
6	Anne Céline	F	eu
32	Anne Charlotte	F	eu
13	Anne Christine	F	eu
41	Anne Claire	F	eu
8	Anne Dominique	F	eu
8	Anne Elisabeth	F	eu
6	Anne Florence	F	eu
8	Anne France	F	eu
11	Anne Françoise	F	eu
11	Anne Gaëlle	F	eu
5	Anne Helène	F	eu
10	Anne Isabelle	F	eu
7	Anne Julie	F	eu
137	Anne Laure	F	eu
39	Anne Lise	F	eu
5	Anne Marguerite	F	eu
281	Anne Marie	F	eu
210	Anne Sophie	F	eu
5	Anne Valérie	F	eu
13	Anne-Caroline	F	eu
38	Anne-Catherine	F	eu
61	Anne-Cecile	F	eu
7	Anne-Céline	F	eu
75	Anne-Charlotte	F	eu
16	Anne-Christine	F	eu
95	Anne-Claire	F	eu
13	Anne-Claude	F	eu
14	Anne-Elisabeth	F	eu
5	Anne-Elise	F	eu
5	Anne-Emmanuelle	F	eu
7	Anne-Flore	F	eu
7	Anne-Florence	F	eu
13	Anne-France	F	eu
16	Anne-Françoise	F	eu
6	Anne-Frédérique	F	eu
36	Anne-Gaëlle	F	eu
15	Anne-Helène	F	eu
10	Anne-Isabelle	F	eu
9	Anne-Julie	F	eu
230	Anne-Laure	F	eu
11	Anne-Laurence	F	eu
87	Anne-Lise	F	eu
6	Anne-Louise	F	eu
7	Anne-Lyse	F	eu
6	Anne-M	F	eu
814	Anne-Marie	F	eu
384	Anne-Sophie	F	eu
10	Anne-Valérie	F	eu
6	Annelies	M	eu
26	Annelise	F	eu
8	Annelyse	F	eu
7	Annemarie	F	eu
292	Annette	F	eu
1165	Annick	M	eu
1872	Annie	F	eu
5	Annie France	F	eu
7	Annie-Claude	F	eu
15	Annik	M	eu
9	Annika	F	eu
8	Annita	F	eu
9	Annonciade	F	eu
6	Annouck	M	eu
77	Anny	F	eu
20	Anouchka	F	eu
35	Anouck	M	eu
54	Anouk	M	eu
6	Anthea	F	eu
5	Anthonia	F	eu
7	Antje	F	eu
7	Antoine	F	eu
340	Antoinette	F	eu
15	Antonella	F	eu
64	Antonia	F	eu
6	Antonietta	F	eu
9	Antonina	F	eu
10	Antonine	F	eu
5	Anya	F	eu
33	Apolline	F	eu
5	Appoline	F	eu
5	Arhma	F	ar
189	Ariane	F	eu
5	Ariel	M	eu
7	Arièle	F	eu
67	Arielle	F	eu
9	Arienne	F	eu
8	Arlène	F	eu
567	Arlette	F	eu
40	Armande	F	eu
10	Armandine	F	eu
6	Armel	M	eu
385	Armelle	F	eu
5	Armide	F	eu
6	Arminda	F	eu
8	Arsène	F	eu
8	Arzu	M	eu
5	Ascencion	M	eu
9	Ascension	M	eu
14	Ashley	F	eu
26	Asma	F	ar
14	Asmaa	F	ar
6	Asmae	M	ar
5	Assa	F	ar
8	Assani	M	ar
39	Assia	F	af
5	Assiati	M	eu
5	Assitan	M	eu
7	Assunta	F	eu
236	Astrid	F	eu
15	Astride	F	eu
6	Athena	F	eu
13	Atika	F	as
14	Attoumani	M	eu
581	Aude	F	eu
5	Audren	M	eu
1990	Audrey	F	eu
37	Augusta	F	eu
6	Auguste	M	eu
41	Augustine	F	eu
5	Aura	F	eu
5	Aurèle	M	eu
274	Aurélia	F	eu
2512	Aurélie	F	eu
8	Auréline	F	eu
27	Auriane	F	eu
12	Aurora	F	eu
847	Aurore	F	eu
8	Ava	F	eu
16	Awa	F	af
5	Awatef	M	ar
133	Axelle	F	eu
21	Aya	F	ar
10	Ayako	M	af
6	Aymeline	F	eu
18	Ayse	F	eu
6	Ayten	M	eu
29	Aziza	F	ar
6	Babette	F	eu
12	Bacar	M	eu
5	Baco	M	eu
7	Badia	F	eu
8	Badra	F	ar
11	Bahia	F	eu
11	Baptistine	F	eu
6	Baraka	F	eu
542	Barbara	F	eu
5	Barbora	F	eu
10	Basma	F	eu
8	Baya	F	af
20	Béata	F	eu
11	Béate	F	eu
1727	Béatrice	F	eu
31	Béatrix	F	eu
25	Béatriz	M	eu
37	Bélinda	F	eu
7	Ben	M	eu
704	Bénédicte	F	eu
11	Benjamine	F	eu
12	Benoite	F	eu
119	Bérangère	F	eu
169	Bérengère	F	eu
77	Bérénice	F	eu
1063	Bernadette	F	eu
9	Bernard	M	eu
123	Berthe	F	eu
34	Bertille	F	eu
7	Beryl	M	eu
5	Besma	F	eu
8	Beth	M	eu
60	Bettina	F	eu
185	Betty	F	eu
9	Bévérley	F	eu
9	Bévérly	F	eu
29	Bianca	F	eu
7	Bibi	M	eu
6	Biljana	F	eu
8	Binta	F	af
5	Binti	M	af
12	Bintou	M	af
15	Birgit	M	eu
5	Birgitta	F	eu
87	Blanche	F	eu
390	Blandine	F	eu
5	Bleuenn	M	eu
8	Bleuette	F	eu
6	Boina	F	eu
10	Bonnie	F	eu
42	Bouchra	F	ar
5	Boueni	M	af
33	Brenda	F	eu
8	Bridget	M	eu
2312	Brigitte	F	eu
23	Bruna	F	eu
8	Brune	F	eu
5	Bruno	M	eu
5	Caline	F	eu
21	Camélia	F	eu
18	Camilla	F	eu
1362	Camille	F	eu
5	Camille Marie	F	eu
90	Candice	F	eu
6	Candida	F	eu
12	Candide	F	eu
23	Candy	F	eu
5	Canelle	F	eu
9	Cannelle	F	eu
78	Capucine	F	eu
7	Caren	M	eu
7	Carène	F	eu
25	Carina	F	eu
773	Carine	F	eu
19	Carinne	F	eu
83	Carla	F	eu
14	Carmela	F	eu
8	Carmelina	F	eu
7	Carmelle	F	eu
243	Carmen	F	eu
89	Carol	M	eu
8	Carola	F	eu
1770	Carole	F	eu
9	Carole-Anne	F	eu
38	Carolina	F	eu
2978	Caroline	F	eu
5	Caroline Marie	F	eu
8	Caroll	M	eu
14	Carolle	F	eu
16	Carolyn	M	eu
7	Carolyne	F	eu
51	Cassandra	F	eu
46	Cassandre	M	eu
20	Catalina	F	eu
13	Catarina	F	eu
19	Caterina	F	eu
12	Catharina	F	eu
5	Catheline	F	eu
5582	Catherine	F	eu
9	Catherine Marie	F	eu
20	Cathia	F	eu
21	Cathie	F	eu
311	Cathy	F	eu
19	Catia	F	eu
9	Caty	F	eu
2517	Cécile	F	eu
5	Cécile Marie	F	eu
249	Cécilia	F	eu
7	Cécilie	F	eu
14	Cédrine	F	eu
19	Céleste	M	eu
18	Célestine	F	eu
270	Célia	F	eu
5	Célie	F	eu
34	Célina	F	eu
3483	Céline	F	eu
5	Céline Marie	F	eu
39	Cendrine	F	eu
8	Cérise	F	eu
14	Chadia	F	ar
6	Chafika	F	ar
7	Chaima	F	ar
5	Chamoussia	F	ar
2275	Chantal	M	eu
20	Chantale	F	eu
5	Chao	M	as
8	Charlaine	F	eu
262	Charlène	F	eu
12	Charles	M	eu
16	Charlette	F	eu
5	Charley	F	eu
9	Charlie	F	eu
199	Charline	F	eu
1419	Charlotte	F	eu
13	Charlyne	F	eu
6	Chen	M	as
16	Chérifa	F	ar
11	Chéryl	M	eu
8	Cheyenne	F	eu
21	Chiara	F	eu
5	Chihaz	M	eu
6	Chimène	F	eu
658	Chloé	M	eu
6	Chrislaine	F	eu
24	Christa	F	eu
340	Christel	M	eu
179	Christèle	F	eu
2123	Christelle	F	eu
7	Christelle Marcelle	F	eu
5	Christelle-Sandrine	F	eu
8	Christian	M	eu
5	Christiana	F	eu
1809	Christiane	F	eu
30	Christianne	F	eu
13	Christie	F	eu
103	Christina	F	eu
4005	Christine	F	eu
6	Christophe	M	eu
5	Christy	F	eu
93	Chrystel	M	eu
66	Chrystèle	F	eu
181	Chrystelle	F	eu
5	Ciara	F	eu
6	Cidalia	F	eu
629	Cindy	F	eu
14	Cinthia	F	eu
6	Cinzia	F	eu
2382	Claire	F	eu
8	Claire Lise	F	eu
12	Claire Marie	F	eu
8	Claire-Lise	F	eu
15	Claire-Marie	F	eu
5	Clairette	F	eu
270	Clara	F	eu
29	Clare	F	eu
9	Clarence	F	eu
5	Clarice	F	eu
210	Clarisse	F	eu
675	Claude	F	eu
289	Claudette	F	eu
251	Claudia	F	eu
236	Claudie	F	eu
1249	Claudine	F	eu
12	Claudy	F	eu
17	Clea	F	eu
45	Clélia	F	eu
496	Clémence	F	eu
5	Clément	M	eu
259	Clémentine	F	eu
9	Cleo	M	eu
13	Clio	M	eu
49	Cloé	F	eu
64	Clothilde	F	eu
208	Clotilde	F	eu
5	Codruta	F	eu
1342	Colette	F	eu
82	Coline	F	eu
5	Collette	F	eu
17	Colombe	F	eu
9	Combo	M	eu
5	Conceiçao	M	eu
6	Concepcion	M	eu
19	Conception	F	eu
7	Concetta	F	eu
6	Concettina	F	eu
6	Conchita	F	eu
137	Constance	F	eu
11	Consuelo	M	eu
13	Cora	F	eu
578	Coralie	F	eu
66	Coraline	F	eu
5	Coraly	F	eu
12	Corentine	F	eu
21	Corina	F	eu
220	Corine	F	eu
2417	Corinne	F	eu
38	Cornelia	F	eu
6	Corrine	F	eu
13	Cosette	F	eu
7	Cosmina	F	eu
15	Coumba	F	af
21	Cristel	M	eu
26	Cristelle	F	eu
121	Cristina	F	eu
6	Crystel	M	eu
6	Crystelle	F	eu
21	Cyndie	F	eu
247	Cynthia	F	eu
6	Cyntia	F	eu
116	Cyrielle	F	eu
22	Cyrille	M	eu
8	Dagmar	M	eu
6	Dagmara	F	eu
6	Dahbia	F	ar
10	Dahlia	F	ar
57	Daisy	F	eu
16	Dalia	F	ar
10	Dalida	F	eu
108	Dalila	F	eu
8	Damaris	M	eu
12	Damienne	F	eu
7	Dan	M	eu
18	Dana	F	eu
15	Danae	M	eu
5	Dania	F	eu
5	Danica	F	eu
9	Danie	F	eu
9	Daniel	M	eu
118	Daniela	F	eu
758	Danièle	F	eu
19	Daniella	F	eu
1305	Danielle	F	eu
8	Danny	F	eu
16	Danuta	F	eu
72	Dany	F	eu
7	Daoud	M	ar
80	Daphne	F	eu
29	Daphnée	F	eu
15	Daria	F	eu
5	Darina	F	eu
13	David	M	eu
19	Davina	F	eu
13	Dawn	M	eu
5	Debbie	F	eu
16	Debora	F	eu
421	Deborah	M	eu
11	Debra	F	eu
6	Deirdre	M	eu
15	Délia	F	eu
2073	Delphine	F	eu
5	Denis	M	eu
8	Denisa	F	eu
1334	Denise	F	eu
10	Denyse	F	eu
6	Derya	F	eu
31	Désirée	F	eu
157	Diana	F	eu
278	Diane	F	eu
8	Didier	M	eu
9	Dieynaba	F	ar
8	Dilek	M	eu
5	Dima	F	eu
7	Dimitra	F	eu
37	Dina	F	eu
5	Dinah	M	ar
67	Djamila	F	ar
6	Djemaa	F	ar
6	Djemila	F	ar
6	Djeneba	F	ar
10	Djouher	M	ar
8	Doina	F	eu
9	Dolly	F	eu
104	Dolores	M	eu
10	Dominika	F	eu
2193	Dominique	F	eu
39	Domitille	F	eu
15	Donatella	F	eu
14	Donatienne	F	eu
12	Donia	F	eu
20	Donna	F	eu
13	Dora	F	eu
5	Dorcas	M	eu
6	Doria	F	eu
66	Doriane	F	eu
5	Dorianne	F	eu
11	Dorina	F	eu
46	Dorine	F	eu
73	Doris	M	eu
22	Dorota	F	eu
10	Dorothea	F	eu
341	Dorothée	F	eu
13	Dorothy	F	eu
5	Dorsaf	M	eu
36	Dounia	F	ar
6	Douraya	F	ar
5	Drifa	F	af
5	Dune	F	eu
5	Ebru	M	eu
5	Echa	F	eu
21	Echat	M	eu
23	Echati	M	eu
5	Edeline	F	eu
7	Eden	M	eu
5	Edit	M	eu
591	Edith	F	eu
7	Edithe	F	eu
36	Edmée	F	eu
13	Edmonde	F	eu
6	Edna	F	eu
252	Edwige	F	eu
5	Edyta	F	eu
32	Eglantine	F	eu
6	Egle	F	eu
6	Eileen	M	eu
33	Ekaterina	F	eu
25	Elaine	F	eu
5	Elda	F	eu
10	Elea	F	eu
16	Eleanor	M	eu
9	Elen	M	eu
238	Elena	F	eu
11	Eleni	M	eu
20	Eleonora	F	eu
151	Eléonore	F	eu
5	Elfie	F	eu
6	Elfriède	F	eu
14	Elia	F	eu
9	Eliana	F	eu
795	Eliane	F	eu
5	Elianne	F	eu
10	Elie	F	eu
77	Eliette	F	eu
11	Elif	M	eu
19	Elina	F	eu
15	Eline	F	eu
8	Elinor	M	eu
204	Elisa	F	eu
5	Elisabelle	F	eu
5	Elisabeta	F	eu
15	Elisabète	F	eu
1875	Elisabeth	F	eu
5	Elisabeth Marie	F	eu
26	Elisabetta	F	eu
721	Elise	F	eu
5	Elissa	F	eu
11	Eliza	F	eu
6	Elizabète	F	eu
180	Elizabeth	F	eu
6	Elizaveta	F	eu
19	Elke	M	eu
18	Ella	F	eu
34	Ellen	M	eu
6	Elma	F	eu
6	Elo Se	F	eu
2023	Elodie	F	eu
7	Elody	F	eu
120	Eloïse	F	eu
5	Elora	F	eu
394	Elsa	F	eu
14	Elsie	F	eu
8	Elsy	F	eu
9	Elvina	F	eu
21	Elvira	F	eu
48	Elvire	F	eu
26	Elyane	F	eu
9	Elyette	F	eu
16	Elyse	F	eu
8	Elza	F	eu
20	Elzbieta	F	eu
6	Ema	F	eu
9	Emanuela	F	eu
8	Emanuelle	F	eu
241	Emeline	F	eu
19	Emelyne	F	eu
8	Emie	F	eu
16	Emile	M	eu
43	Emilia	F	eu
2238	Emilie	F	eu
107	Emilienne	F	eu
58	Emily	F	eu
16	Emine	F	eu
229	Emma	F	eu
9	Emmanuèle	F	eu
1540	Emmanuelle	F	eu
23	Emmeline	F	eu
5	Emna	F	eu
5	Emy	M	eu
7	Encarnacion	M	eu
15	Enora	F	eu
7	Enrica	F	eu
10	Erell	M	eu
5	Eric	M	eu
29	Erica	F	eu
13	Ericka	F	eu
126	Erika	F	eu
5	Eriko	M	eu
12	Erin	M	eu
6	Erna	F	eu
17	Ernestine	F	eu
27	Esmeralda	F	eu
9	Espérance	F	eu
10	Estela	F	eu
912	Estelle	F	eu
12	Ester	M	eu
198	Esther	F	eu
7	Estrella	F	eu
5	Eszter	M	eu
9	Ethel	M	eu
48	Etiennette	F	eu
7	Eugène	F	eu
14	Eugenia	F	eu
191	Eugénie	F	eu
5	Eulalia	F	eu
15	Eulalie	F	eu
6	Eunice	F	eu
364	Eva	F	eu
5	Eva Maria	F	eu
5	Evane	F	eu
8	Evangélia	F	eu
211	Eve	F	eu
5	Eve-Marie	F	eu
6	Evelina	F	eu
87	Eveline	F	eu
11	Evelyn	F	eu
1231	Evelyne	F	eu
5	Evguenia	F	eu
46	Ewa	F	eu
6	Ewelina	F	eu
11	Fabiana	F	eu
1538	Fabienne	F	eu
22	Fabiola	F	eu
7	Fadela	F	ar
6	Fadhila	F	ar
5	Fadia	F	ar
32	Fadila	F	ar
5	Fadma	F	ar
9	Fadoua	F	ar
6	Fadwa	F	ar
5	Fahima	F	ar
5	Fairouz	M	ar
38	Faïza	F	ar
5	Fanchon	M	eu
14	Fanette	F	eu
22	Fannie	F	eu
1018	Fanny	F	eu
21	Fanta	F	eu
16	Fany	F	eu
11	Faouzia	F	ar
36	Farah	M	ar
77	Farida	F	ar
5	Farideh	M	ar
14	Fariza	F	ar
7	Faten	M	ar
12	Fathia	F	ar
5	Fatia	F	ar
103	Fatiha	F	ar
5	Fatim	M	ar
469	Fatima	F	ar
7	Fatima-Zohra	F	ar
12	Fatimata	F	ar
91	Fatma	F	ar
12	Fatna	F	ar
39	Fatou	F	af
7	Fatouma	F	af
53	Fatoumata	F	af
76	Faustine	F	eu
7	Fawzia	F	ar
8	Fazia	F	ar
19	Fédérica	F	eu
35	Félicia	F	eu
43	Félicie	F	eu
19	Félicité	F	eu
5	Feng	M	as
7	Fériel	M	ar
6	Fernand	M	eu
36	Fernanda	F	eu
247	Fernande	F	eu
6	Fetta	F	eu
10	Filiz	M	eu
12	Filomena	F	eu
101	Fiona	F	eu
8	Fiorella	F	eu
24	Flavia	F	eu
81	Flavie	F	eu
61	Fleur	F	eu
6	Fleurine	F	eu
5	Flor	M	eu
181	Flora	F	eu
122	Flore	F	eu
7	Florelle	F	eu
2648	Florence	F	eu
5	Florencia	F	eu
14	Florentina	F	eu
12	Florentine	F	eu
198	Floriane	F	eu
9	Florianne	F	eu
7	Florica	F	eu
47	Florie	F	eu
9	Florina	F	eu
68	Florine	F	eu
7	Florise	F	eu
6	Fortunée	F	eu
40	Fouzia	F	ar
10	Franca	F	eu
279	France	F	eu
6	France-Lise	F	eu
6	France-Marie	F	eu
13	Frances	F	eu
82	Francesca	F	eu
78	Francette	F	eu
5	Francia	F	eu
14	Franciane	F	eu
670	Francine	F	eu
29	Francisca	F	eu
4155	Françoise	F	eu
8	Françoise Marie	F	eu
6	Frédérika	F	eu
1013	Frédérique	F	eu
5	Frida	F	eu
8	Frieda	F	eu
6	Fumiko	M	as
6	Funda	F	eu
9	Gabriel	M	eu
72	Gabriela	F	eu
24	Gabrièle	F	eu
22	Gabriella	F	eu
436	Gabrielle	F	eu
21	Gaby	F	eu
28	Gaël	M	eu
13	Gaële	F	eu
931	Gaëlle	F	eu
40	Gaëtane	F	eu
9	Gaia	F	eu
14	Gail	M	eu
5	Gala	F	eu
18	Galina	F	eu
22	Garance	F	eu
5	Gaston	M	eu
7	Gayane	F	eu
6	Geanina	F	eu
24	Gemma	F	eu
1492	Geneviève	F	eu
10	Georges	M	eu
17	Georgeta	F	eu
466	Georgette	F	eu
22	Georgia	F	eu
6	Georgiana	F	eu
41	Georgina	F	eu
9	Georgine	F	eu
812	Geraldine	F	eu
8	Gerard	M	eu
6	Gerda	F	eu
5	Gergana	F	eu
424	Germaine	F	eu
18	Gersende	F	eu
17	Gertrude	F	eu
5	Gerty	F	eu
19	Gervaise	F	eu
6	Ghada	F	ar
13	Ghania	F	ar
585	Ghislaine	F	eu
11	Ghizlane	F	eu
49	Ghyslaine	F	eu
253	Gilberte	F	eu
34	Gilda	F	eu
7	Gilette	F	eu
6	Giliane	F	eu
7	Gillette	F	eu
20	Gillian	M	eu
47	Gina	F	eu
762	Ginette	F	eu
31	Giovanna	F	eu
6	Gipsy	F	eu
15	Gisela	F	eu
838	Gisèle	F	eu
15	Giselle	F	eu
28	Gislaine	F	eu
14	Giulia	F	eu
16	Giuseppina	F	eu
92	Gladys	F	eu
6	Glenda	F	eu
48	Gloria	F	eu
5	Godeliève	M	eu
8	Gordana	F	eu
26	Grace	F	eu
5	Gracianne	F	eu
5	Gracie	F	eu
5	Graciela	F	eu
10	Gracieuse	F	eu
8	Gratianne	F	eu
7	Gratienne	F	eu
89	Graziella	F	eu
9	Grazyna	F	eu
6	Grégory	M	eu
9	Greta	F	eu
6	Gudrun	M	eu
34	Guénaëlle	F	eu
11	Guénola	F	eu
20	Guilaine	F	eu
5	Guillaine	F	eu
47	Guillemette	F	eu
7	Guislaine	F	eu
10	Guy	M	eu
96	Guylaine	M	eu
44	Guylène	M	eu
10	Gwenaël	M	eu
14	Gwenaële	F	eu
282	Gwenaëlle	F	eu
170	Gwendoline	F	eu
6	Gwendolyn	M	eu
8	Gwendolyne	F	eu
6	Gwenn	M	eu
12	Gwennaëlle	F	eu
56	Gwenola	F	eu
70	Gwladys	M	eu
5	Gyslaine	F	eu
33	Habiba	F	ar
8	Hadda	F	ar
5	Hademou	M	af
5	Hadia	F	ar
15	Hadidja	F	ar
33	Hafida	F	ar
5	Haifa	F	ar
14	Hajar	M	ar
10	Hajer	M	ar
34	Hakima	F	ar
10	Hala	F	ar
55	Halima	F	ar
10	Halina	F	ar
6	Hamada	F	ar
13	Hamida	F	ar
19	Hana	F	ar
6	Hanae	M	ar
9	Hanan	M	ar
68	Hanane	M	ar
42	Hanna	F	eu
25	Hannah	F	eu
6	Hannelore	F	ar
5	Haoua	F	ar
23	Harmonie	F	eu
18	Harmony	F	eu
10	Harriet	M	eu
5	Haruko	M	as
11	Hasna	F	ar
7	Hassana	F	ar
6	Hassanati	M	ar
6	Hassani	M	ar
8	Hassiba	F	ar
12	Hassina	F	ar
7	Hassna	F	ar
13	Hatice	F	ar
7	Haude	F	ar
9	Hava	F	ar
23	Hawa	F	ar
30	Hayat	F	ar
5	Hayate	F	ar
11	Hayet	M	eu
13	Hayette	F	ar
9	Hayley	F	eu
12	Hazel	M	eu
14	Heather	M	eu
13	Hedwige	M	eu
38	Heidi	M	eu
6	Heidy	F	eu
13	Heike	M	eu
8	Hela	F	eu
81	Helen	M	eu
108	Helena	F	eu
2959	Hélène	F	eu
12	Helga	F	eu
9	Héliette	F	eu
5	Helle	F	eu
6	Hélo Se	F	eu
135	Héloïse	F	eu
6	Hélyette	F	eu
7	Henda	F	eu
6	Hendrika	F	eu
6	Henny	F	eu
18	Henri	M	eu
392	Henriette	F	eu
26	Hermine	F	eu
6	Herminia	F	eu
5	Hervéline	F	eu
11	Hilary	M	eu
18	Hilda	F	eu
7	Hildegard	M	eu
33	Hind	M	eu
7	Hinda	F	eu
11	Hiroko	M	as
6	Hiromi	M	as
5	Hoda	F	as
12	Hong	M	as
23	Honorine	F	eu
58	Hortense	F	eu
7	Houaria	F	ar
31	Houda	F	ar
15	Houmadi	M	ar
50	Houria	F	ar
13	Huberte	F	eu
531	Huguette	F	eu
8	Hui	M	as
6	Huong	M	as
13	Hyacinthe	F	eu
10	Ibrahim	M	ar
10	Ibtissam	M	ar
61	Ida	F	eu
8	Idalina	F	eu
7	Ikram	M	ar
15	Ilana	F	eu
6	Ilaria	F	eu
9	Ilda	F	eu
13	Ileana	F	eu
25	Ilham	M	ar
15	Ilhem	M	ar
5	Iliana	F	eu
19	Ilona	F	eu
9	Ilse	F	eu
10	Iman	M	ar
42	Imane	M	ar
20	Imen	M	ar
13	Imène	F	ar
9	Ina	F	eu
9	Incarnation	M	eu
7	India	F	eu
5	Indiana	F	eu
8	Indira	F	eu
5	Indra	F	eu
207	Inès	M	eu
9	Inga	F	eu
9	Inge	M	eu
7	Ingeborg	M	eu
432	Ingrid	M	eu
12	Inna	F	eu
41	Ioana	F	eu
6	Iona	F	eu
6	Ionela	F	eu
5	Ioulia	F	eu
10	Irena	F	eu
474	Irène	F	eu
6	Irenée	F	eu
5	Iria	F	eu
106	Irina	F	eu
63	Iris	M	eu
45	Irma	F	eu
21	Iryna	F	eu
97	Isabel	M	eu
21	Isabella	F	eu
5999	Isabelle	F	eu
12	Isabelle Marie	F	eu
14	Isaline	F	eu
11	Isaure	F	eu
8	Isis	M	eu
7	Isoline	F	eu
7	Iulia	F	eu
11	Iuliana	F	eu
5	Iva	F	eu
18	Ivana	F	eu
6	Ivanne	F	eu
5	Iveta	F	eu
6	Ivone	F	eu
7	Ivy	M	eu
11	Iwona	F	eu
9	Izabela	F	eu
6	Izabella	F	eu
10	Jacinthe	F	eu
21	Jackie	F	eu
8	Jacky	M	eu
2428	Jacqueline	M	eu
16	Jacques	M	eu
76	Jade	F	eu
5	Jaël	M	eu
5	Jalila	F	ar
6	Jamie	F	ar
42	Jamila	F	ar
20	Jana	F	eu
129	Jane	F	eu
33	Janet	M	eu
9	Janice	F	eu
37	Janick	M	eu
16	Janie	F	eu
8	Janik	M	eu
534	Janine	F	eu
17	Janique	F	eu
5	Janna	F	eu
15	Jannick	M	eu
34	Jany	F	eu
7	Jasmin	M	eu
7	Jasmina	F	eu
39	Jasmine	F	eu
9	Jayne	F	eu
84	Jean	M	eu
8	Jean-François	F	eu
20	Jeanette	F	eu
715	Jeanine	F	eu
6	Jeaninne	F	eu
1587	Jeanne	F	eu
23	Jeanne Marie	F	eu
18	Jeanne-Marie	F	eu
143	Jeannette	F	eu
21	Jeannick	M	eu
21	Jeannie	F	eu
746	Jeannine	F	eu
8	Jeanny	F	eu
10	Jehanne	F	eu
18	Jélena	F	eu
8	Jénifer	M	eu
25	Jenna	F	eu
9	Jennie	F	eu
864	Jennifer	M	eu
105	Jenny	F	eu
30	Jennyfer	F	eu
5	Jérémie	M	eu
7	Jérômine	F	eu
5	Jésica	F	eu
832	Jessica	F	eu
69	Jessie	F	eu
17	Jessika	F	eu
45	Jessy	F	eu
9	Jézabel	M	eu
6	Jia	F	eu
7	Jie	F	eu
18	Jihane	F	ar
27	Jill	F	eu
5	Jin	M	as
21	Jing	M	as
35	Joan	M	eu
29	Joana	F	eu
158	Joanna	F	eu
52	Joanne	F	eu
6	Joannie	F	eu
8	Joceline	F	eu
5	Jocelyn	M	eu
902	Jocelyne	F	eu
5	Jocya	F	eu
7	Jodie	F	eu
5	Joële	F	eu
990	Joëlle	F	eu
30	Johana	F	eu
8	Johane	F	eu
353	Johanna	F	eu
77	Johanne	F	eu
21	Jolanta	F	eu
16	Jordane	F	eu
14	José	M	eu
40	Josée	F	eu
19	Joséfa	F	eu
10	Joseline	F	eu
15	Joselyne	F	eu
25	Joseph	M	eu
34	Josepha	F	eu
13	Josephe	M	eu
249	Josephine	F	eu
1032	Josette	F	eu
759	Josiane	F	eu
10	Josianne	F	eu
20	Josseline	F	eu
16	Josselyne	F	eu
9	Josy	F	eu
29	Josyane	F	eu
49	Joy	F	eu
18	Joyce	F	eu
19	Juana	F	eu
13	Juanita	F	eu
5	Judicaëlle	F	eu
12	Judit	M	eu
166	Judith	F	eu
7	Judy	F	eu
470	Julia	F	eu
29	Juliana	F	eu
22	Juliane	F	eu
9	Julianne	F	eu
2540	Julie	F	eu
6	Julie-Anne	F	eu
6	Julien	M	eu
73	Julienne	F	eu
12	Juliet	M	eu
8	Julieta	F	eu
737	Juliette	F	eu
6	Juline	F	eu
7	July	F	eu
5	Jun	M	as
13	Junko	M	as
587	Justine	F	eu
9	Justyna	F	eu
11	Jutta	F	eu
11	Kadiatou	M	eu
5	Kadidja	F	ar
10	Kadija	F	ar
23	Kahina	F	ar
7	Kamaria	F	ar
9	Kamelia	F	ar
12	Kamila	F	ar
7	Kana	F	ar
8	Kaori	M	as
10	Kaoutar	M	ar
14	Kareen	M	eu
20	Karelle	F	eu
298	Karen	M	eu
14	Karène	F	ar
150	Karima	F	ar
105	Karin	M	eu
49	Karina	F	eu
1905	Karine	F	eu
9	Karinne	F	eu
10	Karla	F	eu
18	Karolina	F	ar
10	Karyne	F	ar
6	Kassandra	F	ar
5	Katalin	M	eu
12	Katarina	F	eu
38	Katarzyna	F	eu
22	Kate	F	eu
6	Katel	M	eu
33	Katell	F	eu
14	Katerina	F	eu
6	Kateryna	F	eu
14	Katharina	F	eu
7	Katharine	F	eu
65	Katherine	F	eu
13	Kathia	F	eu
54	Kathleen	M	eu
11	Kathrin	M	eu
21	Kathryn	F	eu
53	Kathy	F	eu
425	Katia	F	eu
23	Katie	F	eu
13	Katja	F	eu
12	Katleen	M	eu
16	Katrin	M	eu
9	Katrina	F	eu
11	Katty	F	eu
85	Katy	F	eu
6	Katya	F	eu
5	Kay	F	eu
6	Kayoko	M	as
13	Keiko	M	as
170	Kelly	F	eu
11	Keltoum	M	ar
32	Kenza	F	ar
8	Keren	M	eu
9	Kerry	M	eu
14	Kerstin	M	eu
7	Ketsia	F	eu
47	Ketty	F	eu
5	Kévin	M	eu
11	Khadidiatou	M	af
12	Khadidja	F	ar
83	Khadija	F	ar
19	Khady	F	ar
5	Khaoula	F	ar
15	Khedidja	F	ar
31	Kheira	F	ar
65	Kim	M	as
18	Kimberley	F	eu
12	Kimberly	F	eu
5	Kimiko	M	as
9	Kinga	F	eu
5	Kirsten	M	eu
7	Kirsty	F	eu
8	Kitty	F	eu
6	Kiyoko	M	as
7	Klara	F	eu
5	Klervi	M	eu
7	Kouraïchia	F	eu
6	Krista	F	eu
22	Kristel	F	eu
21	Kristell	F	eu
8	Kristelle	F	eu
10	Kristin	M	eu
26	Kristina	F	eu
6	Kristine	F	eu
6	Krisztina	F	eu
14	Krystel	M	eu
6	Krystelle	F	eu
6	Krystyna	F	eu
6	Kumiko	M	as
13	Kyoko	M	as
33	Laëticia	F	eu
1939	Laëtitia	F	eu
64	Laïla	F	ar
6	Lalia	F	ar
8	Lalla	F	ar
46	Lamia	F	ar
6	Lamya	F	ar
11	Lan	M	as
82	Lara	F	eu
24	Larissa	F	ar
59	Latifa	F	ar
6	Laudine	F	eu
1270	Laura	F	eu
6	Laura Marie	F	eu
5	Lauraine	F	eu
14	Lauranne	F	eu
1211	Laure	F	eu
5	Laure Anne	F	eu
7	Laure-Anne	F	eu
31	Laureen	F	eu
42	Laureline	F	eu
56	Lauren	M	eu
10	Laurena	F	eu
2966	Laurence	F	eu
86	Laurène	F	eu
10	Laurent	M	eu
67	Laurette	F	eu
148	Lauriane	F	eu
76	Laurianne	F	eu
313	Laurie	F	eu
5	Laurie-Anne	F	eu
14	Laurinda	F	eu
75	Laurine	F	eu
38	Laury	M	eu
9	Lavinia	F	eu
7	Layla	F	ar
556	Lea	F	eu
8	Leah	M	eu
6	Leanne	F	eu
11	Leatitia	F	eu
5	Lee	M	as
254	Leïla	F	ar
13	Lelia	F	eu
88	Lena	F	eu
24	Lenaig	M	eu
5	Lenaik	M	eu
7	Lenka	F	eu
9	Lenuta	F	eu
7	Léocadie	F	eu
5	Léona	F	eu
9	Léonce	M	eu
85	Léone	F	eu
75	Léonie	F	eu
11	Léonne	F	eu
17	Léonor	F	eu
20	Léonore	F	eu
31	Léontine	F	eu
14	Léopoldine	F	eu
5	Leroux	F	eu
15	Lesley	F	eu
211	Leslie	F	eu
10	Lesly	F	eu
19	Leticia	F	eu
7	Letitia	F	eu
15	Letizia	F	eu
6	Levana	F	eu
11	Leyla	F	eu
12	Lia	F	eu
9	Liana	F	eu
7	Lida	F	eu
40	Lidia	F	eu
5	Lidiane	F	eu
5	Lidwine	F	eu
9	Ligia	F	eu
42	Lila	F	eu
12	Lilas	M	eu
14	Lili	M	eu
40	Lilia	F	eu
14	Lilian	M	eu
46	Liliana	F	eu
744	Liliane	F	eu
7	Lilianne	F	eu
9	Lilit	M	eu
10	Lilla	F	eu
5	Lilly	F	eu
14	Lily	F	eu
105	Lina	F	ar
389	Linda	F	eu
33	Lindsay	F	eu
15	Lindsey	F	eu
125	Line	F	eu
6	Linette	F	eu
14	Ling	M	as
6	Lioudmila	F	ar
274	Lisa	F	eu
11	Lisbeth	M	eu
264	Lise	F	eu
5	Lise Marie	F	eu
5	Lise-May	F	eu
6	Liselotte	F	eu
43	Lisette	F	eu
22	Lisiane	F	eu
18	Lison	M	eu
10	Liudmila	F	ar
19	Livia	F	eu
5	Liz	M	eu
19	Liza	F	eu
5	Loan	M	eu
6	Loc	M	eu
30	Loetitia	F	eu
6	Loïs	M	eu
10	Loise	F	eu
91	Lola	F	eu
52	Lolita	F	eu
6	Lora	F	eu
14	Loraine	F	eu
6	Lore	F	eu
16	Loredana	F	eu
6	Lorelei	M	eu
7	Loreline	F	eu
12	Loren	M	eu
22	Lorena	F	eu
57	Lorène	F	eu
14	Lorette	F	eu
25	Loriane	F	eu
11	Lorie	F	eu
14	Lorine	F	eu
12	Lorna	F	eu
72	Lorraine	F	eu
7	Lorrie	F	eu
5	Lotte	F	eu
63	Lou	M	eu
29	Loubna	F	ar
17	Louis	M	eu
61	Louisa	F	eu
647	Louise	F	eu
5	Louise-Marie	F	eu
100	Louisette	F	eu
6	Louisiane	F	eu
12	Louiza	F	eu
6	Luana	F	eu
50	Luce	F	eu
417	Lucette	F	eu
86	Lucia	F	eu
22	Luciana	F	eu
1112	Lucie	F	eu
11	Lucien	M	eu
540	Lucienne	F	eu
378	Lucile	F	eu
8	Lucilia	F	eu
79	Lucille	F	eu
11	Lucinda	F	eu
12	Lucrèce	F	eu
58	Lucy	F	eu
447	Ludivine	F	eu
16	Ludmila	F	eu
11	Ludmilla	F	eu
7	Lugdivine	F	eu
6	Luigia	F	eu
5	Luigina	F	eu
22	Luisa	F	eu
9	Luminita	F	eu
11	Luna	F	eu
12	Luz	M	eu
6	Luzia	F	eu
361	Lydia	F	eu
617	Lydie	F	eu
9	Lylia	F	eu
18	Lyliane	F	eu
5	Lyna	F	eu
99	Lynda	F	eu
23	Lyne	F	eu
5	Lynette	F	eu
15	Lynn	M	eu
8	Lynne	F	eu
7	Lyse	F	eu
98	Lysiane	F	eu
5	Lyudmyla	F	eu
12	M-C	F	eu
5	M-J	F	eu
8	M-L	F	eu
5	M-Louise	F	eu
7	M-Therèse	F	eu
9	Mabrouka	F	eu
6	Macha	F	eu
7	Madalena	F	eu
8	Madalina	F	eu
9	Maddy	F	eu
11	Madelaine	F	eu
1107	Madeleine	F	eu
25	Madeline	F	eu
35	Madi	F	eu
6	Madiana	F	eu
6	Madina	F	eu
15	Madison	F	eu
5	Mady	F	eu
12	Maëla	F	eu
94	Maëlle	F	eu
25	Maëlys	M	eu
200	Maeva	F	eu
5	Mafalda	F	eu
1227	Magali	M	eu
359	Magalie	F	eu
48	Magaly	F	eu
18	Magda	F	eu
71	Magdalena	F	eu
31	Magdeleine	F	eu
34	Maggy	F	eu
7	Maguelone	F	eu
6	Maguelonné	F	eu
46	Maguy	F	eu
8	Maha	F	ar
5	Mahalia	F	ar
6	Mahamoud	M	ar
5	Mahamoudou	M	ar
13	Mahaut	M	eu
5	Mahjouba	F	ar
10	Mai	F	as
31	Maia	F	eu
14	Maïder	M	eu
6	Maiko	F	as
8	Mailis	F	eu
43	Mailys	F	eu
19	Maimouna	F	af
6	Maina	F	ar
5	Maire	F	eu
5	Maïssa	F	ar
131	Maite	F	eu
8	Maitena	F	eu
5	Maithe	F	eu
13	Maiwenn	F	eu
12	Maja	F	ar
12	Majda	F	ar
5	Maki	M	as
6	Makiko	M	as
6	Malaury	M	eu
44	Malgorzata	F	eu
213	Malika	F	ar
5	Malka	F	eu
11	Mallorie	F	eu
21	Mallory	M	eu
12	Malorie	F	eu
19	Malory	M	eu
32	Malvina	F	eu
8	Mama	F	af
7	Mame	M	eu
6	Manal	M	eu
47	Mandy	F	eu
9	Manel	M	eu
5	Manola	F	eu
552	Manon	M	eu
138	Manuela	F	eu
10	Manuèle	F	eu
78	Manuella	F	eu
34	Manuelle	F	eu
10	Mara	F	ar
5	Maral	M	ar
19	Marcela	F	eu
32	Marceline	F	eu
5	Marcella	F	eu
632	Marcelle	F	eu
25	Marcelline	F	eu
11	Marcia	F	eu
11	Mareva	F	eu
62	Margaret	F	eu
5	Margareta	F	eu
7	Margarète	F	eu
5	Margareth	F	eu
7	Margaretha	F	eu
5	Margarethe	F	eu
6	Margarida	F	eu
28	Margarita	F	eu
273	Margaux	F	eu
10	Margherita	F	eu
7	Margie	F	eu
8	Margit	M	eu
5	Margo	M	eu
146	Margot	M	eu
736	Marguerite	F	eu
15	Margueritte	F	eu
13	Mari	M	eu
1225	Maria	F	eu
6	Maria Angèles	M	eu
5	Maria Carmen	F	eu
15	Maria Cristina	F	eu
8	Maria Da Conceiçao	M	eu
5	Maria Da Graca	F	eu
28	Maria de Fatima	F	eu
5	Maria de Los Angèles	M	eu
11	Maria Del Carmen	F	eu
7	Maria Del Mar	M	eu
8	Maria Del Pilar	M	eu
10	Maria Elena	F	eu
5	Maria Isabel	M	eu
17	Maria José	M	eu
10	Maria Luisa	F	eu
15	Maria Teresa	F	eu
54	Mariam	F	ar
76	Mariama	F	ar
51	Mariame	F	ar
5	Mariamou	F	af
14	Marian	M	ar
69	Mariana	F	eu
30	Mariane	F	eu
17	Marianna	F	eu
600	Marianne	F	eu
13	Mariannick	M	eu
6	Mariata	F	af
5	Maribel	M	eu
6	Marie	F	eu
5	Marie - Joëlle	F	eu
23	Marie Agnès	M	eu
10	Marie Alice	F	eu
10	Marie Aline	F	eu
5	Marie Alix	F	eu
7	Marie Amelie	F	eu
18	Marie Andrée	F	eu
54	Marie Ange	M	eu
11	Marie Angèle	F	eu
57	Marie Anne	F	eu
16	Marie Annick	M	eu
24	Marie Antoinette	F	eu
6	Marie Astrid	F	eu
21	Marie Aude	F	eu
9	Marie Béatrice	F	eu
15	Marie Bernadette	F	eu
8	Marie Carmen	F	eu
11	Marie Caroline	F	eu
18	Marie Catherine	F	eu
29	Marie Cecile	F	eu
11	Marie Céline	F	eu
17	Marie Chantal	M	eu
30	Marie Charlotte	F	eu
245	Marie Christine	F	eu
113	Marie Claire	F	eu
137	Marie Claude	F	eu
7	Marie Danielle	F	eu
33	Marie Dominique	F	eu
6	Marie Edith	F	eu
9	Marie Elisabeth	F	eu
7	Marie Emilie	F	eu
13	Marie Emmanuelle	F	eu
18	Marie Eve	F	eu
117	Marie France	F	eu
84	Marie Françoise	F	eu
9	Marie Gabrielle	F	eu
158	Marie Helène	F	eu
8	Marie Isabelle	F	eu
51	Marie Jeanne	F	eu
13	Marie Joëlle	F	eu
95	Marie José	M	eu
38	Marie Josée	F	eu
8	Marie Joseph	M	eu
29	Marie Josephe	M	eu
6	Marie Josette	F	eu
10	Marie Julie	F	eu
7	Marie Laëtitia	F	eu
187	Marie Laure	F	eu
14	Marie Laurence	F	eu
55	Marie Line	F	eu
14	Marie Lise	F	eu
5	Marie Lou	M	eu
54	Marie Louise	F	eu
9	Marie Luce	F	eu
7	Marie Lucie	F	eu
39	Marie Madeleine	F	eu
5	Marie Michelle	F	eu
88	Marie Noëlle	F	eu
42	Marie Odile	F	eu
7	Marie Pascale	F	eu
66	Marie Paule	F	eu
139	Marie Pierre	M	eu
8	Marie Reine	F	eu
7	Marie Renée	F	eu
32	Marie Rose	F	eu
12	Marie Sophie	F	eu
10	Marie Sylvie	F	eu
157	Marie Therèse	F	eu
5	Marie Veronique	F	eu
5	Marie Yvonne	F	eu
78	Marie-Agnès	M	eu
7	Marie-Aimée	F	eu
15	Marie-Alice	F	eu
8	Marie-Aline	F	eu
13	Marie-Alix	F	eu
27	Marie-Amelie	F	eu
31	Marie-Andrée	F	eu
133	Marie-Ange	M	eu
9	Marie-Angèle	F	eu
133	Marie-Anne	F	eu
59	Marie-Annick	M	eu
6	Marie-Annie	F	eu
48	Marie-Antoinette	F	eu
10	Marie-Armelle	F	eu
15	Marie-Astrid	F	eu
23	Marie-Aude	F	eu
10	Marie-Bénédicte	F	eu
24	Marie-Bernadette	F	eu
5	Marie-Bernard	M	eu
5	Marie-Brigitte	F	eu
13	Marie-Camille	F	eu
5	Marie-Carmen	F	eu
41	Marie-Caroline	F	eu
38	Marie-Catherine	F	eu
58	Marie-Cecile	F	eu
17	Marie-Céline	F	eu
46	Marie-Chantal	M	eu
48	Marie-Charlotte	F	eu
540	Marie-Christine	F	eu
241	Marie-Claire	F	eu
316	Marie-Claude	F	eu
6	Marie-Claudine	F	eu
6	Marie-Colette	F	eu
5	Marie-Delphine	F	eu
6	Marie-Dolores	M	eu
55	Marie-Dominique	F	eu
14	Marie-Edith	F	eu
28	Marie-Elisabeth	F	eu
13	Marie-Elise	F	eu
6	Marie-Elodie	F	eu
11	Marie-Emilie	F	eu
11	Marie-Emmanuelle	F	eu
7	Marie-Estelle	F	eu
6	Marie-Eugénie	F	eu
29	Marie-Eve	F	eu
5	Marie-Fleur	F	eu
6	Marie-Flore	F	eu
7	Marie-Florence	F	eu
312	Marie-France	F	eu
198	Marie-Françoise	F	eu
9	Marie-Frédérique	F	eu
25	Marie-Gabrielle	F	eu
8	Marie-Geneviève	F	eu
8	Marie-Georges	M	eu
380	Marie-Helène	F	eu
7	Marie-Henriette	F	eu
21	Marie-Isabelle	F	eu
122	Marie-Jeanne	F	eu
25	Marie-Joëlle	F	eu
170	Marie-José	M	eu
72	Marie-Josée	F	eu
17	Marie-Joseph	M	eu
80	Marie-Josephe	M	eu
9	Marie-Josephine	F	eu
6	Marie-Julie	F	eu
6	Marie-Laëtitia	F	eu
369	Marie-Laure	F	eu
36	Marie-Laurence	F	eu
95	Marie-Line	F	eu
15	Marie-Lise	F	eu
15	Marie-Lou	M	eu
198	Marie-Louise	F	eu
5	Marie-Lourdes	F	eu
22	Marie-Luce	F	eu
5	Marie-Ludivine	F	eu
9	Marie-Lyne	F	eu
107	Marie-Madeleine	F	eu
5	Marie-Marguerite	F	eu
9	Marie-Martine	F	eu
6	Marie-Michèle	F	eu
154	Marie-Noëlle	F	eu
92	Marie-Odile	F	eu
21	Marie-Pascale	F	eu
150	Marie-Paule	F	eu
5	Marie-Philippe	M	eu
299	Marie-Pierre	M	eu
18	Marie-Reine	F	eu
18	Marie-Renée	F	eu
70	Marie-Rose	F	eu
41	Marie-Sophie	F	eu
6	Marie-Sylvie	F	eu
5	Marie-T	F	eu
592	Marie-Therèse	F	eu
13	Marie-Veronique	F	eu
12	Marie-Yvonne	F	eu
7	Marièke	M	eu
245	Marielle	F	eu
14	Mariem	M	ar
9	Marietta	F	eu
49	Mariette	F	eu
9	Marija	F	eu
5	Marijke	M	eu
33	Marika	F	eu
5	Mariko	M	as
8	Marilène	F	eu
13	Marilou	M	eu
81	Marilyn	M	eu
155	Marilyne	F	eu
570	Marina	F	eu
1124	Marine	F	eu
121	Marinette	F	eu
5	Mario	M	eu
9	Marioara	F	af
1693	Marion	M	eu
5	Maris	M	eu
15	Marisa	F	eu
11	Marisol	M	eu
6	Maritxu	M	eu
8	Maritza	F	eu
6	Mariya	F	eu
5	Marjan	M	eu
90	Marjolaine	F	eu
5	Marjolène	F	eu
403	Marjorie	F	eu
19	Marjory	M	eu
421	Marlène	F	eu
5	Marlise	F	eu
22	Marlyse	F	eu
11	Maroua	F	ar
11	Maroussia	F	ar
65	Marta	F	eu
30	Martha	F	eu
301	Marthe	F	eu
6	Martin	M	eu
32	Martina	F	eu
3218	Martine	F	eu
5	Marwa	F	ar
99	Mary	M	eu
19	Maryam	M	eu
5	Maryame	M	eu
13	Maryannick	M	eu
213	Marylène	F	eu
25	Marylin	F	eu
438	Maryline	F	eu
35	Marylise	F	eu
10	Marylou	M	eu
9	Maryna	F	eu
14	Maryne	F	eu
918	Maryse	F	eu
305	Maryvonné	F	eu
5	Marzena	F	eu
8	Mathea	F	eu
13	Mathilda	F	eu
1004	Mathilde	F	eu
7	Matilde	F	eu
509	Maud	M	eu
47	Maude	F	eu
8	Maura	F	eu
6	Maurane	F	eu
57	Maureen	M	eu
13	Maurice	M	eu
215	Mauricette	M	eu
10	Maurine	F	eu
5	Maxence	M	eu
11	Maxime	M	eu
5	Maximilienne	M	eu
6	Maxine	M	eu
12	May	F	eu
62	Maya	F	eu
5	Mayalen	M	eu
47	Maylis	F	eu
6	Mayumi	M	as
7	Mbambe	F	af
6	Medina	F	ar
20	Megan	M	eu
72	Megane	F	eu
5	Meggie	F	eu
9	Meggy	F	eu
5	Meghane	F	eu
6	Megumi	M	as
5	Mei	M	as
19	Mélaine	F	eu
5	Mélania	F	eu
1475	Mélanie	F	eu
11	Mélany	F	eu
5	Mélek	M	ar
5	Mélia	F	eu
5	Mélika	F	ar
83	Mélina	F	eu
54	Mélinda	F	eu
11	Méline	F	eu
12	Mélisa	F	eu
10	Mélisande	F	eu
393	Mélissa	F	eu
8	Mélissande	F	eu
6	Mélissandre	M	eu
101	Mélodie	F	eu
77	Mélody	F	eu
11	Mélusine	F	eu
5	Melvina	F	ar
5	Mendy	F	eu
52	Mercèdes	M	eu
7	Meredith	M	eu
8	Meriam	M	ar
65	Mériem	F	ar
9	Mérième	M	ar
7	Meritxell	M	eu
5	Merryl	M	eu
5	Méryam	M	ar
25	Meryem	F	ar
28	Meryl	F	eu
7	Meryll	F	eu
13	Messaouda	F	ar
11	Mette	F	eu
9	Mia	F	eu
10	Micaëla	F	eu
18	Michaëla	F	eu
10	Michaëlle	F	eu
29	Michel	M	eu
16	Michela	F	eu
2000	Michèle	F	eu
586	Micheline	F	eu
838	Michelle	F	eu
5	Mickaël	M	eu
5	Mickaëlla	F	eu
13	Mickaëlle	F	eu
5	Midori	M	eu
5	Miguelina	F	eu
36	Mihaëla	F	eu
5	Mika	F	eu
11	Miki	M	eu
7	Mila	F	eu
5	Milagros	M	eu
5	Mildred	M	eu
39	Milena	F	eu
19	Milène	F	eu
9	Milouda	F	ar
6	Mimose	F	eu
7	Mimouna	F	ar
10	Min	M	eu
44	Mina	F	eu
5	Minh	M	as
13	Mira	F	eu
12	Miranda	F	eu
1172	Mireille	F	eu
17	Mirela	F	eu
28	Mirella	F	eu
10	Miren	M	eu
6	Mirentchu	M	eu
6	Mirette	F	eu
37	Miriam	M	eu
10	Mirjana	F	eu
8	Mirna	F	eu
5	Miroslava	F	eu
10	Miryam	M	eu
6	Miyuki	M	as
14	Mohamed	M	ar
5	Moina	F	eu
5	Moinamaoulida	F	ar
12	Moinecha	F	eu
7	Moira	F	eu
31	Mona	F	eu
55	Monia	F	ar
85	Monica	F	eu
72	Monika	F	eu
2921	Monique	F	eu
6	Monique Marie	F	eu
8	Montserrat	M	eu
21	Morgan	M	eu
563	Morgane	F	eu
5	Motoko	M	as
9	Moufida	F	ar
30	Mouna	F	ar
45	Mounia	F	ar
18	Mounira	F	ar
9	Moussa	F	af
5	Mraati	M	af
34	Muguette	F	eu
1100	Muriel	M	eu
16	Murièle	F	eu
492	Murielle	F	eu
336	Mylène	F	eu
1201	Myriam	F	eu
11	Myriame	F	eu
5	Myrna	F	eu
18	Myrtille	F	eu
5	N'dèye	M	af
6	Nabiha	F	ar
44	Nabila	F	ar
25	Nacera	F	ar
15	Nacima	F	ar
8	Nacira	F	ar
24	Nada	F	eu
632	Nadège	F	eu
7	Nadezda	F	eu
894	Nadia	F	ar
10	Nadiège	M	eu
1364	Nadine	F	eu
9	Nadira	F	ar
5	Nadiya	F	ar
10	Nadja	F	ar
5	Nadjet	M	ar
12	Nadjia	F	ar
5	Nadra	F	ar
6	Nadya	F	ar
8	Nafissa	F	af
6	Nahima	F	ar
7	Naïla	F	ar
117	Naïma	F	ar
5	Naira	F	ar
10	Nais	M	eu
5	Najah	M	ar
23	Najat	F	ar
6	Najate	F	ar
16	Najet	M	ar
15	Najia	F	ar
7	Najla	F	ar
6	Najoua	F	ar
5	Najwa	F	ar
10	Nan	M	as
9	Nana	F	eu
170	Nancy	F	eu
10	Naoko	M	as
41	Naomi	M	eu
11	Naomie	F	eu
10	Naoual	M	ar
9	Naouel	M	ar
5	Narine	F	ar
5	Nasrine	F	ar
11	Nassera	F	ar
26	Nassima	F	ar
15	Nassira	F	ar
13	Nastasia	F	ar
422	Natacha	F	eu
118	Natalia	F	eu
60	Natalie	F	eu
8	Nataliia	F	eu
19	Nataliya	F	eu
5	Nataly	F	eu
7	Natasa	F	eu
21	Natasha	F	eu
12	Nathalia	F	eu
5800	Nathalie	F	eu
7	Nathaly	F	eu
19	Nathanaëlle	F	eu
5	Nausicaa	F	eu
28	Nawal	M	ar
22	Nawel	F	eu
5	Nawelle	F	ar
10	Naziha	F	ar
16	Ndèye	M	af
6	Neda	F	eu
6	Née	F	eu
7	Nella	F	eu
674	Nelly	F	eu
10	Nesrine	F	ar
12	Nezha	F	ar
16	Ngoc	M	as
5	Nhung	M	as
8	Nicaise	F	eu
6	Nichola	F	eu
53	Nicola	F	eu
2489	Nicole	F	eu
24	Nicoleta	F	eu
5	Nicoletta	F	eu
6	Nicolette	F	eu
24	Nicolle	F	eu
9	Nikita	F	eu
171	Nina	F	eu
6	Nino	M	eu
22	Ninon	M	eu
5	Nirina	F	eu
6	Nisrine	F	ar
5	Nissioiti	M	af
6	Nobuko	M	as
30	Noélie	M	eu
6	Noéline	M	eu
36	Noëlla	F	eu
308	Noëlle	F	eu
11	Noëllie	F	eu
12	Noémi	M	eu
357	Noémie	M	eu
12	Nolwen	M	eu
131	Nolwenn	M	eu
118	Nora	F	eu
11	Noria	F	eu
10	Noriko	M	as
17	Norma	F	eu
9	Nouara	F	ar
12	Nour	M	ar
6	Nour El Houda	F	ar
39	Noura	F	ar
9	Nouria	F	ar
11	Nouriati	M	ar
8	Nourou	M	eu
6	Nunzia	F	eu
18	Nuria	F	eu
10	Oana	F	eu
154	Océane	F	eu
6	Oceanne	F	eu
5	Octavie	F	eu
6	Ode	F	eu
897	Odette	F	eu
1048	Odile	F	eu
5	Odile Marie	F	eu
7	Ofelia	F	eu
10	Oksana	F	eu
16	Olena	F	eu
12	Olfa	F	eu
221	Olga	F	eu
6	Olive	M	eu
413	Olivia	F	eu
6	Olivier	M	eu
16	Olympe	F	eu
5	Olympia	F	eu
19	Ombeline	F	eu
5	Ombline	F	eu
14	Ondine	F	eu
5	Oona	F	af
13	Ophélia	F	eu
263	Ophélie	F	eu
20	Orane	F	eu
6	Oriana	F	eu
73	Oriane	F	eu
31	Orianne	F	eu
25	Orlane	F	eu
65	Ornella	F	af
6	Otilia	F	eu
5	Ouafa	F	ar
6	Ouafae	M	ar
5	Ouafia	F	ar
7	Ouahiba	F	ar
14	Ouarda	F	ar
6	Ouassila	F	ar
8	Ouiza	F	ar
5	Oumar	M	ar
11	Oumou	M	af
9	Ourdia	F	ar
10	Ourida	F	ar
19	Ousseni	M	ar
13	Oxana	F	eu
12	Ozlem	M	tu
5	Palma	F	eu
7	Palmira	F	eu
17	Palmyre	F	eu
17	Paloma	F	eu
125	Pamela	F	eu
9	Pantxika	F	eu
110	Paola	F	eu
10	Paquerette	F	eu
10	Paquita	F	eu
1758	Pascale	F	eu
143	Pascaline	F	eu
5	Pasquale	M	eu
10	Patrice	M	eu
2549	Patricia	F	eu
17	Patrizia	F	eu
27	Paul	M	eu
100	Paula	F	eu
281	Paule	F	eu
962	Paulette	F	eu
17	Paulina	F	eu
1288	Pauline	F	eu
5	Pavlina	F	eu
296	Peggy	F	eu
8	Pelagie	F	eu
57	Pénélope	F	eu
5	Penny	F	eu
8	Périne	F	eu
5	Perla	F	eu
16	Perle	F	eu
266	Perrine	F	eu
48	Petra	F	eu
6	Petronille	F	eu
7	Petya	F	eu
10	Philippa	F	eu
11	Philippe	M	eu
33	Philippine	F	eu
25	Philomène	F	eu
6	Phoebe	F	eu
7	Phuong	M	as
25	Pia	F	eu
6	Piera	F	eu
8	Pierette	F	eu
38	Pierre	M	eu
486	Pierrette	M	eu
6	Pierrine	F	eu
31	Pilar	M	eu
6	Polina	F	eu
13	Prescilia	F	eu
8	Prescilla	F	eu
35	Prescillia	F	eu
60	Prisca	F	eu
14	Priscilia	F	eu
183	Priscilla	F	eu
37	Priscille	F	eu
62	Priscillia	F	eu
9	Prudence	F	eu
10	Prune	F	eu
5	Prunelle	F	eu
7	Qian	M	as
5	Quitérie	F	eu
18	Quittérie	F	eu
6	Rabah	M	ar
15	Rabia	F	ar
5	Rabianti	M	ar
15	Rachaël	M	eu
534	Rachel	M	eu
13	Rachèle	F	eu
36	Rachelle	F	eu
96	Rachida	F	ar
7	Radhia	F	ar
16	Radia	F	ar
11	Rafaële	F	eu
11	Raffaëlla	F	eu
7	Rafika	F	ar
6	Rahamatou	M	af
7	Rahima	F	ar
18	Rahma	F	ar
23	Raïssa	F	ar
10	Raja	F	ar
5	Rajaa	F	ar
14	Raluca	F	eu
6	Ramata	F	af
10	Ramatoulaye	M	af
24	Ramona	F	eu
9	Rana	F	eu
6	Randa	F	eu
15	Rania	F	eu
64	Raphaële	F	eu
6	Raphaëlla	F	eu
163	Raphaëlle	F	eu
25	Raquel	F	eu
8	Ratiba	F	ar
14	Raymond	M	eu
612	Raymonde	F	eu
12	Razika	F	ar
7	Rebeca	F	eu
209	Rebecca	F	eu
5	Reeta	F	eu
30	Régina	F	eu
632	Régine	F	eu
6	Rehema	F	ar
163	Reine	F	eu
53	Rejane	F	ar
6	Rémy	M	eu
25	Renata	F	eu
15	Renate	F	eu
25	René	M	eu
848	Renée	F	eu
5	Rhizlane	F	ar
5	Rie	F	eu
5	Rikke	M	eu
20	Rim	M	ar
23	Rima	F	eu
25	Rina	F	eu
105	Rita	F	eu
5	Rizlane	F	ar
5	Rkia	F	af
18	Robert	M	eu
21	Roberta	F	eu
46	Roberte	F	eu
6	Robin	M	eu
13	Rodica	F	eu
20	Roger	M	eu
8	Rokhaya	F	af
194	Rolande	F	eu
13	Rollande	F	eu
8	Romaine	F	eu
7	Romana	F	eu
38	Romane	F	eu
7	Romina	F	eu
38	Romy	F	eu
5	Rong	M	as
140	Rosa	F	eu
12	Rosa Maria	F	eu
65	Rosalie	F	eu
6	Rosalina	F	eu
9	Rosalind	M	eu
6	Rosana	F	eu
6	Rosane	F	eu
13	Rosanna	F	eu
11	Rosaria	F	eu
13	Rosario	M	eu
355	Rose	F	eu
37	Rose Marie	F	eu
5	Rose-Anne	F	eu
73	Rose-Marie	F	eu
5	Rose-Noëlle	F	eu
138	Roseline	F	eu
7	Rosella	F	eu
243	Roselyne	F	eu
10	Rosemarie	F	eu
19	Rosemary	F	eu
13	Rosemonde	F	eu
44	Rosette	F	eu
6	Rosiane	F	eu
6	Rosina	F	eu
59	Rosine	F	eu
15	Rosita	F	eu
7	Roswitha	F	eu
15	Rosy	F	eu
15	Roukia	F	eu
18	Roxana	F	eu
152	Roxane	F	eu
21	Roxanne	F	eu
5	Rozalia	F	eu
57	Rozenn	M	eu
6	Ruby	F	eu
95	Ruth	F	eu
6	Rym	M	ar
5	Saada	F	ar
26	Saadia	F	ar
5	Saandia	F	ar
29	Sabah	M	ar
14	Sabina	F	eu
1043	Sabine	F	eu
5	Sabra	F	eu
1091	Sabrina	F	eu
14	Sabrine	F	eu
11	Sacha	F	eu
6	Sachiko	M	as
18	Sadia	F	ar
5	Sadio	M	eu
5	Safa	F	ar
8	Safaa	F	ar
38	Safia	F	ar
5	Sahondra	F	eu
8	Sahra	F	eu
29	Saïd	M	ar
54	Saïda	F	ar
16	Sakina	F	as
6	Salah	M	ar
5	Salama	F	ar
6	Saleha	F	ar
5	Salha	F	ar
21	Saliha	F	ar
64	Salima	F	ar
9	Salimata	F	af
25	Sally	F	eu
10	Salma	F	ar
59	Salomé	M	eu
12	Saloua	F	af
11	Salwa	F	ar
7	Samah	M	ar
11	Samanta	F	eu
191	Samantha	F	eu
133	Samia	F	ar
6	Samiha	F	ar
148	Samira	F	ar
6	Samya	F	ar
18	Sana	F	eu
24	Sanaa	F	eu
11	Sanae	M	eu
62	Sandie	F	eu
5	Sandie Marie-jeanne	F	eu
1585	Sandra	F	eu
17	Sandrina	F	eu
3626	Sandrine	F	eu
182	Sandy	F	eu
7	Sania	F	eu
5	Sanja	F	eu
10	Santa	F	eu
7	Santina	F	eu
7	Saphia	F	eu
186	Sara	F	eu
1272	Sarah	M	eu
6	Saran	M	eu
21	Sarra	F	eu
6	Sasha	F	eu
17	Saskia	F	eu
7	Saveria	F	eu
10	Scarlett	M	eu
7	Scheherazade	F	ar
5	Sébastienne	F	eu
5	Séda	F	eu
91	Ségolène	F	eu
6	Seïla	F	ar
5	Selda	F	eu
6	Sélena	F	eu
36	Selma	F	ar
5	Semra	F	ar
9	Sephora	F	eu
8	Séraphine	F	eu
21	Séréna	F	eu
8	Serge	M	eu
8	Sergine	F	eu
37	Servane	F	eu
5	Servanne	F	eu
8	Setti	M	eu
1328	Séverine	F	eu
6	Seynabou	M	ar
8	Shan	M	as
7	Shannon	M	eu
5	Shanshan	M	as
44	Sharon	F	eu
5	Sheherazade	F	ar
25	Sheïla	F	eu
6	Shelley	F	eu
7	Sherazade	F	ar
50	Shirley	F	eu
7	Shoko	M	as
7	Shoshana	F	eu
6	Shu	M	as
12	Sibel	M	eu
39	Sibylle	F	eu
5	Sidi	M	ar
6	Sidney	M	eu
51	Sidonie	F	eu
6	Sigolène	F	eu
36	Sigrid	F	eu
47	Siham	M	ar
6	Sihame	M	ar
18	Sihem	M	tu
6	Silke	M	eu
7	Silva	F	eu
28	Silvana	F	eu
97	Silvia	F	eu
11	Silvina	F	eu
24	Simona	F	eu
1384	Simone	F	eu
87	Simonné	F	eu
22	Sindy	F	eu
8	Sira	F	ar
5	Siti	M	eu
11	Sitti	M	eu
13	Sixtine	F	eu
5	Slavka	F	eu
6	Smahane	M	ar
5	Snejana	F	eu
6	Soad	M	ar
6	Soazic	M	eu
27	Soazig	F	eu
72	Sofia	F	eu
6	Sofya	F	eu
7	Soifia	F	eu
5	Soilihi	M	ar
66	Soizic	M	eu
6	Soizick	M	eu
617	Solange	F	eu
10	Soledad	F	eu
14	Solen	M	eu
217	Solène	F	eu
49	Solenn	F	eu
60	Solenne	F	eu
32	Soline	F	eu
19	Solveig	M	eu
7	Sona	F	eu
1057	Sonia	F	eu
23	Sonja	F	eu
11	Sonya	F	eu
120	Sophia	F	eu
4413	Sophie	F	eu
5	Sophie Helène	F	eu
7	Sophie Marie	F	eu
5	Sophy	F	eu
100	Soraya	F	ar
5	Soria	F	ar
59	Souad	M	ar
5	Soufia	F	ar
6	Souheïla	F	ar
11	Souhila	F	ar
7	Soukaina	F	ar
7	Soulaimana	F	ar
5	Soulef	M	ar
11	Soumaya	F	ar
5	Soumeya	F	ar
21	Soumia	F	ar
6	Souraya	F	ar
11	Souria	F	ar
15	Stacy	F	eu
20	Stefania	F	eu
12	Stefanie	F	eu
5	Steffi	M	eu
6	Steffie	F	eu
5	Stela	F	eu
102	Stella	F	eu
6	Stelly	F	eu
45	Stéphane	F	eu
3822	Stéphanie	F	eu
7	Stéphanie Marie	F	eu
7	Stéphany	F	eu
5	Stéphie	F	eu
10	Sterenn	M	eu
5	Stessie	F	eu
6	Stessy	F	eu
7	Sultan	M	ar
9	Sultana	F	eu
106	Susan	M	eu
27	Susana	F	eu
16	Susanna	F	eu
40	Susanne	F	eu
8	Suzan	M	eu
12	Suzana	F	eu
6	Suzane	F	eu
8	Suzanna	F	eu
1132	Suzanne	F	eu
11	Suzel	M	eu
6	Suzelle	F	eu
65	Suzette	F	eu
10	Suzie	F	eu
51	Suzy	F	eu
55	Svetlana	F	eu
10	Svitlana	F	eu
7	Sybil	M	eu
5	Sybile	F	eu
59	Sybille	F	eu
123	Sylvaine	F	eu
23	Sylvana	F	eu
7	Sylvanie	F	eu
5	Sylvène	F	eu
106	Sylvette	F	eu
319	Sylvia	F	eu
414	Sylviane	F	eu
20	Sylvianne	F	eu
4669	Sylvie	F	eu
10	Sylvine	F	eu
7	Sylwia	F	eu
7	Syndie	F	eu
5	Synthia	F	eu
6	Takako	M	as
60	Tamara	F	as
134	Tania	F	eu
11	Tanja	F	eu
11	Tanya	F	eu
9	Taous	M	ar
21	Tara	F	ar
9	Tassadit	M	eu
6	Tassadite	F	eu
232	Tatiana	F	eu
11	Tatjana	F	eu
6	Teodora	F	eu
68	Teresa	F	eu
6	Tess	M	eu
21	Tessa	F	eu
9	Tetyana	F	eu
14	Thais	M	eu
6	Thamarati	M	eu
12	Thanh	M	as
6	Thea	F	eu
13	Theodora	F	eu
20	Theresa	F	eu
1032	Therèse	F	eu
5	Therèse Marie	F	eu
6	Therre	F	eu
135	Thi	M	as
13	Thomas	M	eu
7	Thuy	F	as
16	Tiana	F	eu
8	Tifaine	F	eu
7	Tifany	F	eu
12	Tifenn	M	eu
19	Tiffanie	F	eu
112	Tiffany	F	eu
32	Tina	F	eu
5	Ting	M	as
5	Tingting	M	as
190	Tiphaine	F	eu
41	Tiphanie	F	eu
5	Tiphany	F	eu
10	Tiziana	F	eu
14	Tomoko	M	as
20	Touria	F	ar
6	Tove	M	eu
9	Tracey	F	eu
32	Tracy	F	eu
7	Tulay	F	tu
7	Tunde	F	eu
5	Turkan	M	tu
51	Typhaine	F	eu
13	Typhanie	F	eu
29	Ulrike	M	eu
48	Ursula	F	eu
8	Ursule	F	eu
6	Ute	F	as
5	Valène	F	eu
37	Valentina	F	eu
176	Valentine	F	eu
20	Valérie	F	eu
18	Valériene	F	eu
4163	Valérie	F	eu
6	Valérie Anne	F	eu
6	Valérie Marie	F	eu
7	Valeriya	F	eu
16	Valéry	M	eu
5	Vallée	F	eu
8	Van	M	as
6	Vanda	F	eu
1224	Vanessa	F	eu
13	Vania	F	eu
5	Vanille	F	eu
69	Vanina	F	eu
15	Vannina	F	eu
49	Véra	F	eu
12	Vérena	F	eu
43	Véronica	F	eu
19	Véronika	F	eu
3689	Véronique	F	eu
11	Vesna	F	eu
7	Vicki	M	eu
20	Vicky	F	eu
74	Victoire	F	eu
194	Victoria	F	eu
23	Victorine	F	eu
9	Viktoria	F	eu
5	Viktoriya	F	eu
11	Vilma	F	eu
5	Vincent	M	eu
9	Vincente	M	eu
5	Vincenza	F	eu
20	Vinciane	F	eu
9	Viola	F	eu
165	Violaine	F	eu
10	Violeta	F	eu
14	Violetta	F	eu
142	Violette	F	eu
15	Viorica	F	eu
6	Virgine	F	eu
65	Virginia	F	eu
2729	Virginie	F	eu
7	Virna	F	eu
5	Vita	F	eu
7	Vivette	F	eu
7	Vivian	M	eu
10	Viviana	F	eu
488	Viviane	F	eu
6	Vivianne	F	eu
5	Vola	F	eu
21	Wafa	F	ar
8	Wafaa	F	ar
9	Wahiba	F	ar
5	Wally	F	eu
19	Wanda	F	eu
7	Warda	F	eu
7	Wassila	F	ar
18	Wei	M	as
5	Weiwei	M	as
7	Wen	M	as
98	Wendy	F	eu
5	Whitney	F	eu
5	Widad	M	ar
7	Wilhelmina	F	eu
5	Windy	F	eu
6	Wioletta	F	eu
25	Xavière	F	eu
6	Xenia	F	eu
7	Xiao	M	as
10	Ximena	F	eu
8	Xin	M	as
6	Xuan	M	as
47	Yaël	M	eu
13	Yaëlle	F	eu
96	Yamina	F	ar
7	Yamna	F	ar
12	Yan	M	eu
6	Yana	F	eu
6	Yane	F	eu
9	Yang	M	as
5	Yanina	F	eu
8	Yann	M	eu
5	Yanne	F	eu
79	Yannick	M	eu
6	Yasmin	M	ar
109	Yasmina	F	ar
64	Yasmine	F	ar
6	Yelena	F	eu
5	Yéliz	M	tu
22	Ying	M	as
5	Yiting	M	as
6	Yoanna	F	eu
8	Yohanna	F	eu
17	Yoko	M	as
40	Yolaine	F	eu
9	Yolanda	F	eu
379	Yolande	F	eu
16	Yolène	F	eu
11	Yona	F	eu
5	Young	M	ar
12	Yousra	F	ar
10	Yuan	M	as
8	Yue	M	as
5	Yuki	M	ar
7	Yukiko	M	eu
13	Yuko	M	as
5	Yuksel	M	eu
14	Yulia	F	eu
11	Yuliya	F	eu
6	Yumi	M	as
5	Yva	F	eu
8	Yvane	F	eu
5	Yvanna	F	eu
5	Yvanne	F	eu
78	Yveline	F	eu
13	Yvelise	F	eu
1057	Yvette	F	eu
799	Yvonne	F	eu
7	Yvonnette	F	eu
23	Zahia	F	ar
5	Zahoua	F	ar
31	Zahra	F	ar
15	Zaina	F	ar
18	Zainaba	F	ar
29	Zakia	F	ar
9	Zalihata	F	ar
5	Zanabou	M	af
5	Zarianti	M	eu
5	Zeina	F	ar
5	Zeinab	M	ar
7	Zélia	F	eu
18	Zélie	F	eu
13	Zina	F	ar
6	Zinaida	F	ar
29	Zineb	M	ar
10	Zita	F	ar
108	Zoé	F	eu
7	Zofia	F	eu
60	Zohra	F	ar
8	Zora	F	ar
6	Zorica	F	ar
19	Zoubida	F	ar
5	Zsuzsanna	F	eu
